﻿<?xml version="1.0" encoding="utf-8" standalone="yes"?>
<addon id="plugin.video.dmaxEsp" name="DMAX Spain" version="0.0.7" provider-name="Mr.D">
	<requires>
		<import addon="xbmc.python" version="3.0.0"/>
		<import addon="script.module.requests" version="2.31.0" />
	</requires>
	<extension point="xbmc.python.pluginsource" library="main.py">
		<provides>video</provides>
	</extension>
	<extension point="xbmc.addon.metadata">
		<summary lang="es_ES">DMAX Mr.D</summary>
		<description lang="es-ES">Directo DMAX</description>
		<disclaimer lang="es-ES">Live in Spanish from DMAX</disclaimer>
		<language></language>
		<platform>all</platform>
		<license>GNU GENERAL PUBLIC LICENSE. Version 3, June 2007</license>
		<website>https://dmax.marca.com/en-directo</website>
		<email></email>
		<mainsource></mainsource>
		<source></source>
		<assets>
			<icon>resources/icon.png</icon>
			<fanart>resources/fanart.jpg</fanart>
		</assets>
		<news>
			[B][COLOR orangered]Version 0.0.7  (29.12.2023)[/COLOR][/B]
				- Corregido error reproduccion episodios.
				- Aligerada carga inicial para series.
				- Agregada opcion para buscar serie por contenido en titulo.
				- Recorte en mostrado de tiempo formato horario
			[COLOR yellow]Version 0.0.6  (28.12.2023)[/COLOR]
				- Agregado wallpaper segun serie y episodio.
				- Corregido crasheo en la carga de guía sobre TvBox.
			[COLOR yellow]Version 0.0.5  (28.12.2023)[/COLOR]
				- Agregada guia interactiva con contenidos.
				- Mejoras y correcciones para el tratado de informacion
			[COLOR yellow]Version 0.0.4  (25.12.2023)[/COLOR]
				- Agregados episodios y temporadas.
			[COLOR yellow]Version 0.0.3  (22.12.2023)[/COLOR]
				- Refactorizado para POO.
			[COLOR yellow]Version 0.0.2  (19.12.2023)[/COLOR]
				- Agregada informacion del directo.
			[COLOR yellow]Version 0.0.1  (14.12.2023)[/COLOR]
				- Primera version del addon.
		</news>
	</extension>
</addon>
