<?xml version="1.0" encoding="UTF-8" standalone="yes"?>
<addon id="repository.mrd" name="Mr.D repository" version="0.0.2" provider-name="Mr.D">
    <extension point="xbmc.addon.repository" name="Mr.D Repository">
        <dir>
            <info compressed="false">https://raw.githubusercontent.com/MrDGI/kodi-mrd/main/addons.xml</info>
            <checksum>https://raw.githubusercontent.com/MrDGI/kodi-mrd/main/addons.xml.md5</checksum>
            <datadir zip="true">https://raw.githubusercontent.com/MrDGI/kodi-mrd/main/</datadir>
        </dir>
    </extension>
    <extension point="xbmc.addon.metadata">
        <summary>Mr.D Repository for Kodi 20</summary>
        <description>Mr.D Repository for Kodi 20 add-ons</description>
		<platform>all</platform>
		<license>GNU GPL v3</license>
		<website>https://github.com/MrDGI/kodi-mrd/</website>
		<source>https://mrdgi.github.io/kodi-mrd/</source>
        <disclaimer>
			This is provided as an educational basis for code review, at no time is it proposed for actual use given that the lines of code include third-party URLs whose use may not be permitted.
			Which is why if you run this code is under your legal responsibility.
			The developer is not responsible for it.
		</disclaimer>
        <assets>
            <icon>icon.png</icon>
            <fanart>fanart.jpg</fanart>
        </assets>
    </extension>
</addon>