<?xml version="1.0" encoding="UTF-8" standalone="yes"?>
<addon id="repository.mrd" name="Kodi Mr.D repository" version="0.0.1" provider-name="MrD">
    <extension point="xbmc.addon.repository" name="Kodi Mr.D Repository">
        <dir>
            <info compressed="false">https://mrdgi.github.io/kodi-mrd/plugin.video.dmaxEsp/addon.xml</info>
            <checksum>https://mrdgi.github.io/kodi-mrd/plugin.video.dmaxEsp/addon.xml.md5</checksum>
            <datadir zip="true">https://mrdgi.github.io/kodi-mrd/</datadir>
        </dir>
    </extension>
    <extension point="xbmc.addon.metadata">
        <summary>Mr.D Repository for Kodi 20</summary>
        <description>Mr.D Repository for Kodi 20 add-ons</description>
        <disclaimer></disclaimer>
        <platform>all</platform>
        <assets>
            <icon>icon.png</icon>
            <fanart>fanart.jpg</fanart>
        </assets>
    </extension>
</addon>